city,is_incoop,主动掌控对话节奏,异议应对韧性,决策推进与闭环,量化价值呈现,灵活应变能力,情绪感染力,销售士气评分
上海,0.5,6.46875,4.446429,6.515625,4.625,5.40625,5.765625,5.679688
北京,0.516854,6.348315,4.719512,5.94382,4.146067,5.123596,5.629213,5.651685
广州,0.5,6.683333,4.666667,6.283333,4.033333,5.583333,5.733333,5.708333
杭州,0.5,6.225,3.965517,5.95,3.4,4.375,5.55,5.425
深圳,0.461538,6.707692,4.762712,6.292308,4.507692,5.59375,5.784615,5.876923